Reference, Quantity, Value, Footprint, Datasheet, AVAILABILITY, DESCRIPTION, MF, MP, PACKAGE, PRICE, Option, Description, Height, Manufacturer_Name, Manufacturer_Part_Number
C1 C8 ,2,"4u7","Capacitor_SMD:C_0603_1608Metric","~"
C4 C5 C6 C7 C10 C11 C12 C13 C14 C15 C16 C18 C20 C24 C25 C28 C29 C31 C34 C35 ,20,"u1","Capacitor_SMD:C_0603_1608Metric","~"
C17 C21 ,2,"1u","Capacitor_SMD:C_1206_3216Metric","~"
C19 C22 C32 ,3,"10u","Capacitor_SMD:C_1206_3216Metric","~"
C2 C36 C37 ,3,"22u","Capacitor_SMD:C_0805_2012Metric","~"
C26 ,1,"10u","Capacitor_SMD:C_0603_1608Metric","~","","","","","","","Sound only","","","",""
C27 ,1,"470u","Capacitor_THT:CP_Radial_D8.0mm_P3.50mm","~"
C3 C9 C23 C30 ,4,"1u","Capacitor_SMD:C_0603_1608Metric","~"
C33 ,1,"u1","Capacitor_SMD:C_0805_2012Metric","~"
D1 D2 D3 D15 ,4,"WS2812B","LED_SMD:LED_WS2812B_PLCC4_5.0x5.0mm_P3.2mm","https://cdn-shop.adafruit.com/datasheets/WS2812B.pdf"
D16 ,1,"Schttky","Diode_SMD:D_SOD-123","~"
D4 ,1,"PSM712","Package_TO_SOT_SMD:SOT-23","http://www.onsemi.com/pub_link/Collateral/NUP2105L-D.PDF"
D5 ,1,"1N4007","Diode_SMD:D_SOD-123","~"
D6 ,1,"HEATER ON","liebler_OPTO:LED_PLCC_2835","~"
D7 D10 D11 D12 D13 D14 ,6,"WHITE","liebler_OPTO:LED_PLCC_2835","~"
D8 ,1,"BLUE","liebler_OPTO:LED_PLCC_2835","~"
D9 ,1,"10V","Diode_SMD:D_MiniMELF","~"
FID1 FID2 ,2,"Fiducial","Fiducial:Fiducial_1mm_Mask2mm","~"
GSM_Module1 ,1,"SIM800L","liebler_MODULES:SIM800L",""
IMG1 ,1,"Speaker","liebler_DRAWINGS:speaker","~"
IMG2 ,1,"Augenschutz","liebler_DRAWINGS:augenschutz","~"
IMG3 ,1,"HOT","liebler_DRAWINGS:hot","~"
IMG4 ,1,"WHS","liebler_DRAWINGS:LOGO_WHS","~"
J1 ,1,"PROG","liebler_CONN:USB_C_Receptacle_HRO_TYPE-C-31-M-12_IMPROVED","https://www.usb.org/sites/default/files/documents/usb_type-c.zip"
J10 ,1,"Fan1","Connector:FanPinHeader_1x03_P2.54mm_Vertical","~"
J11 ,1,"Fan2","Connector:FanPinHeader_1x03_P2.54mm_Vertical","~"
J12 ,1,"VPS","Connector_PinSocket_2.54mm:PinSocket_2x25_P2.54mm_Vertical","~"
J13 ,1,"SPK","Connector_PinHeader_2.54mm:PinHeader_1x02_P2.54mm_Vertical","~"
J14 ,1,"LoRa","Connector_Coaxial:SMA_Samtec_SMA-J-P-X-ST-EM1_EdgeMount"," ~"
J15 ,1,"1B 2A","Connector_Phoenix_MC:PhoenixContact_MCV_1,5_2-G-3.81_1x02_P3.81mm_Vertical","~"
J16 ,1,"BME280","Connector_PinSocket_2.54mm:PinSocket_1x06_P2.54mm_Vertical","~"
J17 ,1,"CCS811","Connector_PinSocket_2.54mm:PinSocket_1x08_P2.54mm_Vertical","~"
J2 ,1,"Servo","Connector_PinHeader_2.54mm:PinHeader_2x03_P2.54mm_Vertical","~"
J3 ,1,"I2C","Connector_JST:JST_XH_B5B-XH-AM_1x05_P2.50mm_Vertical","~"
J4 ,1,"1wire","Connector_JST:JST_XH_B4B-XH-AM_1x04_P2.50mm_Vertical","~"
J5 ,1,"EXT","Connector_JST:JST_XH_B6B-XH-AM_1x06_P2.50mm_Vertical","~"
J6 ,1,"5V 3V GN 24","Connector_JST:JST_XH_B4B-XH-AM_1x04_P2.50mm_Vertical","~"
J7 ,1,"485","liebler_CONN:WR_MJ_Modular_Jack_Vertical_Plastic_6P6C","~"
J8 ,1,"POWER","liebler_CONN:USB_C_Receptacle_HRO_TYPE-C-31-M-12_IMPROVED","https://www.usb.org/sites/default/files/documents/usb_type-c.zip"
J9 ,1,"RGB","Connector_PinHeader_2.54mm:PinHeader_1x04_P2.54mm_Vertical","~"
JP3 JP4 ,2,"1I2C_3SPI","Jumper:SolderJumper-3_P1.3mm_Open_RoundedPad1.0x1.5mm_NumberLabels","~"
JP6 ,1,"MOSI_LORA","Jumper:SolderJumper-2_P1.3mm_Open_RoundedPad1.0x1.5mm","~"
JP7 ,1,"CLK_LORA","Jumper:SolderJumper-2_P1.3mm_Open_RoundedPad1.0x1.5mm","~"
K1 K2 K3 ,3,"G6K-2","Relay_SMD:Relay_DPDT_Omron_G6K-2F-Y","http://omronfs.omron.com/en_US/ecb/products/pdf/en-g6k.pdf"
L1 ,1,"47u","Inductor_SMD:L_Wuerth_HCI-7030","~"
L2 ,1,"10uH","liebler_PASSIVES:ASPIAIG-Q8080","~"
MK1 ,1,"ICS-43434","liebler_SEMICONDUCTORS:MIC_ICS-43434","","Bad","Multi-Mode Microphone with I2S Digital Output","TDK-InvenSense","ICS-43434","LGA-6 TDK-InvenSense","2.43 USD","","","","",""
Q1 Q2 Q4 Q6 ,4,"BC817","Package_TO_SOT_SMD:SOT-23","https://www.onsemi.com/pub/Collateral/BC818-D.pdf"
Q3 ,1,"AO3400A","Package_TO_SOT_SMD:SOT-23","http://www.aosmd.com/pdfs/datasheet/AO3400A.pdf"
Q5 Q9 ,2,"IRLML6344","Package_TO_SOT_SMD:SOT-23","https://www.infineon.com/dgdl/irlml0030pbf.pdf?fileId=5546d462533600a401535664773825df"
Q7 ,1,"IRLML5203","Package_TO_SOT_SMD:SOT-23","https://www.infineon.com/dgdl/irlml5203pbf.pdf?fileId=5546d462533600a40153566868da261d"
R13 ,1,"120R","Resistor_SMD:R_0603_1608Metric","~"
R1 R4 R11 R12 R14 R15 R17 R23 R28 R29 R34 R44 ,12,"1k","Resistor_SMD:R_0603_1608Metric","~"
R18 ,1,"22R","liebler_PASSIVES:Resistor_100W","~"
R19 ,1,"3k3","Resistor_SMD:R_1206_3216Metric","~"
R20 ,1,"22k","Resistor_SMD:R_0603_1608Metric","~"
R5 R8 R21 R40 ,4,"4k7","Resistor_SMD:R_0603_1608Metric","~"
R22 R37 ,2,"2k2","Resistor_SMD:R_0603_1608Metric","~"
R24 R25 ,2,"k1","Resistor_SMD:R_0603_1608Metric","~"
R27 ,1,"1M","Resistor_SMD:R_0603_1608Metric","~"
R30 ,1,"220R","Resistor_SMD:R_1206_3216Metric","~"
R31 ,1,"51k","Resistor_SMD:R_0603_1608Metric","~"
R32 ,1,"22R","Resistor_SMD:R_0603_1608Metric","~"
R33 ,1,"R68","Resistor_SMD:R_1206_3216Metric","~"
R36 ,1,"3k3","Resistor_SMD:R_0603_1608Metric","~"
R38 ,1,"10k","Capacitor_SMD:C_0603_1608Metric","~","","","","","","","Sound only","","","",""
R39 ,1,"22k","Capacitor_SMD:C_0603_1608Metric","~","","","","","","","Sound only","","","",""
R41 R43 ,2,"M1","Resistor_SMD:R_0603_1608Metric","~"
R42 ,1,"2k2","Capacitor_SMD:C_0603_1608Metric","~","","","","","","","Sound only","","","",""
R45 ,1,"6k8","Resistor_SMD:R_0603_1608Metric","~"
R46 ,1,"39k","Resistor_SMD:R_0603_1608Metric","~"
R47 ,1,"k47","Resistor_SMD:R_0603_1608Metric","~"
R6 R7 R16 R26 R35 ,5,"10k","Resistor_SMD:R_0603_1608Metric","~"
R2 R3 R9 R10 ,4,"5k1","Resistor_SMD:R_0603_1608Metric","~"
RV1 ,1,"1k","Potentiometer_THT:Potentiometer_Alps_RK09K_Single_Vertical","~","","","","","","","Sound only","","","",""
SP1 ,1,"Speaker","liebler_MECH:SPEAKER_2415","~"
SW1 ,1,"BTN BLUE","liebler_MECH:SW_Push_1P1T_NO_CK_PTS125Sx43PSMTR","~"
SW10 ,1,"5V FAN 24V","liebler_MECH:Switch_SS12D00","~"
SW11 ,1,"24V->5V","liebler_MECH:Switch_SS12D00","~"
SW2 ,1,"YELLOW","liebler_MECH:RotaryEncoder_Alps_EC11E-Switch_Vertical_H20mm","~"
SW3 ,1,"GREEN","liebler_MECH:SW_Push_1P1T_NO_CK_PTS125Sx43PSMTR","~"
SW4 ,1,"RED","liebler_MECH:SW_Push_1P1T_NO_CK_PTS125Sx43PSMTR","~"
SW5 ,1,"BTN WHITE","liebler_MECH:SW_Push_1P1T_NO_CK_PTS125Sx43PSMTR","~"
SW6 ,1,"TERM ON","liebler_MECH:Switch_SS12D00","~"
SW7 ,1,"LED HEATER","liebler_MECH:Switch_SS12D00","~"
SW8 ,1,"REL_ROT","liebler_MECH:Switch_SS12D00","~"
SW9 ,1,"SNS MOV","liebler_MECH:Switch_SS12D00","~"
U1 ,1,"AMS1117-3.3","Package_TO_SOT_SMD:SOT-223-3_TabPin2","http://www.advanced-monolithic.com/pdf/ds1117.pdf"
U10 ,1,"SR602","liebler_MODULES:PIR_Sensor_SR602",""
U11 ,1,"MP4420","Package_TO_SOT_SMD:TSOT-23-8",""
U12 U13 U15 ,3,"DS18B20","Package_TO_SOT_THT:TO-92_HandSolder","http://datasheets.maximintegrated.com/en/ds/DS18B20.pdf"
U14 ,1,"IPS_240_240","liebler_OPTO:IPS_240_240_1.3",""
U16 ,1,"MODULE_STEPDOWN","liebler_MODULES:MODULE_STEPDOWN",""
U17 ,1,"RFM95W-868S2","RF_Module:HOPERF_RFM9XW_SMD","https://www.hoperf.com/data/upload/portal/20181127/5bfcbea20e9ef.pdf"
U18 ,1,"MD8002A","Package_SO:SOIC-8_3.9x4.9mm_P1.27mm","https://www.sunrom.com/get/408862","","","","","","","","Audio Amplifier, SOP8","1.75","Sunrom","MD8002A"
U19 ,1,"BME280","Package_LGA:Bosch_LGA-8_2.5x2.5mm_P0.65mm_ClockwisePinNumbering","https://ae-bst.resource.bosch.com/media/_tech/media/datasheets/BST-BME280-DS002.pdf"
U2 ,1,"ESP32-WROOM-32","RF_Module:ESP32-WROOM-32","https://www.espressif.com/sites/default/files/documentation/esp32-wroom-32_datasheet_en.pdf"
U20 ,1,"CCS811","liebler_SEMICONDUCTORS:AMS_LGA-10-1EP_2.7x4mm_P0.6mm","http://ams.com/eng/Products/Environmental-Sensors/Air-Quality-Sensors/CCS811"
U3 ,1,"CH340K","liebler_SEMICONDUCTORS:SSOP-10_3.9x4.9mm_P1.00mm_EP",""
U4 ,1,"MS4525DO","liebler_MODULES:MS4525DO",""
U5 ,1,"ZXLD1350","Package_TO_SOT_SMD:SOT-23-5",""
U6 ,1,"MAX3485","Package_SO:SOIC-8_3.9x4.9mm_P1.27mm","https://datasheets.maximintegrated.com/en/ds/MAX3483-MAX3491.pdf"
U7 ,1,"BME680","Package_LGA:Bosch_LGA-8_3x3mm_P0.8mm_ClockwisePinNumbering","https://ae-bst.resource.bosch.com/media/_tech/media/datasheets/BST-BME680-DS001.pdf"
U8 ,1,"IP2721","Package_SO:TSSOP-16_4.4x5mm_P0.65mm",""
U9 ,1,"BH1750_Module","liebler_MODULES:GY-302",""
X1 ,1,"FAN_6024","liebler_MECH:FAN_6024",""